{
  "multiclass": {
    "metrics": {
      "accuracy": 0.5259519219398499,
      "validation_loss": 0.984804093837738,
      "accuracy_score": 0.5283115250108059,
      "loss": 0.9871471524238586,
      "val_loss": 0.984804093837738,
      "val_accuracy": 0.5270541310310364,
      "validation_accuracy": 0.5270541310310364
    },
    "model_type": "Nural Net"
  }
}
